Project Title,Status,From,To,Ongoing Initiative,Lead Entity,Implementation Entity,Intended Beneficiaries,Project Description,Funder,Societal Challenges,Ecosystems Targeted,Ecosystem Services Enhanced,Climate Risks Addressed,Biodiversity Risks Addressed,References,Corozal Locations,Orange Walk Locations,Belize Locations,Cayo Locations,Stann Creek Locations,Toledo Locations
Marine Conservation and Climate Adaptation Project,Completed,2015,2020,,,"Protected Areas Conservation Trust (PACT),the Ministry of Agriculture,Belize Fisheries Department,Forest Departnet of Belize,the Ministry of the Environment,the Misnistry of Sustainable Development","Fishers, marine guides, and other users of marine resources located within Corozal Bay Wildlife Sanctuary, Turneffe Atoll Marine Reserve, and South Water Caye Marine Reserve.","This project improved coral reef protection in Belize through the expansion of marine protected areas. In collaboration with NGO partners, the project increased the national coverage of marine protected areas from 13% to 22%, as well as no-take zones from 2% to 3.1%. The project also supported the update of forest regulations, reinforcing the protection of mangroves.*new_line*Complementary activities included promoting alternative sustainable livelihood options for communities and raising awareness on the importance of reef health for climate resilience and human wellbeing.*new_line*This project was funded by the World Bank’s Adaptation Fund.",,"[""Climate Adaptation"",""Economic & Social Development"",""Food Security"",""Biodiversity Degradation & Loss""]","Coastal ecosystems,Marine ecosystems, Coral reefs ,Mangrove forests","Enhanced natural barrier against storm surges, carbon sequestration, habitat for marine species, and livelihood options for local communities.","By expanding marine protected areas and reducing local stressors, the project enhances the capacity of coral reefs to withstand heat stress, ocean acidification, and extreme weather events. The protection of mangroves helps dissipate wave energy and stabilize shorelines, reducing communities’ vulnerability to sea level rise and storms. ","By expanding protected areas and no-take zones, the project reduces human pressures associated with habitat degradation and overfishing, allowing marine populations to recover and maintain ecological balance. The protection of mangroves, which serve as nursery grounds for juvenile fish and invertebrates, helps prevent biodiversity loss.","https://projects.worldbank.org/en/projects-operations/project-detail/P131408,https://fisheries.gov.bz/mccap/development/ ","Copper Bank village, Chunox village, Consejo village, Corozal town, Sarteneja village",,Belize City,,"Seine Bight village, Riversdale village, Hopkins, Dangriga, Placencia, Sittee River",
Securing and managing land for conservation in the Maya Forest Corridor,Ongoing,2021,Present,,,"Maya Forest Corridor Trust (MFC),Wildlife Conservation Society (WCS)",The Maya Forest Corridor (MFC) surrounding communities.,"This NbS secures and legally protects 29,941 acres within the MFC, a strategic ecological link between the Maya Mountains and the tri-national Maya Forest spanning Belize, Guatemala, and Mexico. The corridor safeguards one of the last remaining lowland connections for wide-ranging and endangered wildlife. Land protection prevents habitat loss and agricultural encroachment, while also maintaining ecosystem functions essential for biodiversity conservation and community well-being.*new_line*Conservation measures include land acquisition, the establishment of a governance structure to ensure permanent protection, and the development of a collaborative management plan. The initiative contributes directly to climate adaptation and long-term water security by protecting riparian areas, strengthening soil stability, and maintaining forest cover that regulates water availability and enhances landscape-level resilience.*new_line*Led by a consortium of national and international organizations, protection of the corridor ensures permanent conservation under Belizean law and promotes inclusive stewardship and knowledge sharing with local communities.",,"[""Climate Mitigation"",""Climate Adaptation"",""Water Security"",""Biodiversity Degradation & Loss""]","Broadleaf forests, pine savannas, and freshwater ecosystems","Erosion and flood control, water filtration and regulation, topsoil retention, carbon sequestration, habitat for local species, and pollination.","Forest protection strengthens the landscape’s natural capacity to buffer intense rainfall, reduce flooding, and limit soil erosion, while enhancing water retention during prolonged droughts. By preventing forest fragmentation, the project lowers wildfire risk and limits associated ecological and economic losses. Healthy forest systems also maintain local water supply for communities, reducing vulnerability to climate-driven disruptions.","Without legal protection, the area faces significant risks from deforestation and habitat fragmentation due to agricultural expansion. These pressures threaten endangered and endemic species, such as the Central American River Turtle and the Yucatán Black Howler Monkey, and reduce genetic diversity due to isolated wildlife populations. Habitat connectivity secured through land protection sustains species movement, enhances reproductive viability, and maintains long-term ecological integrity.","https://www.rainforesttrust.org/urgent-projects/protecting-belizes-critical-maya-forest-corridor/,https://www.rewild.org/wild-about/maya-forest-corridor,https://belize.wcs.org/en-us/Wild-Places/Maya-Forest-Corridor.aspx",,,"Mahogany Heights, La Democracia, Hattieville,Gracie Rock, Bermudian Landing, Scotland Halfmoon, Double Head Cabbage, Willows Bank, St. Paul’s Bank, Rancho Dolores","Cotton Tree, Franks Eddy",,
Hurricane Lisa recovery and resilience building in the Community Baboon Sanctuary,Ongoing,2022,Present,,,Community Baboon Sanctuary Women’s Conservation Group (CBSWCG),"Women, youth, farmers, cattle ranchers, and households affected by Hurricane Lisa in the Belize River Valley area.","In 2022, Hurricane Lisa caused severe damage to forests, farms, and homes in the Belize River Valley and Community Baboon Sanctuary. This project focuses on ecosystem-based recovery and community resilience, combining forest restoration, fire management, and climate-smart agriculture.*new_line*The CBSWCG coordinated the clearing and strategic removal of fallen trees to facilitate natural forest regeneration and reduce fuel loads, as well as constructed aerial bridges using natural materials to restore canopy connectivity for monkeys and other arboreal wildlife.*new_line*To support food security and landscape recovery, the project provided fruit trees and vegetable seeds for home gardening to 58 households. Mahogany and Maya nut trees were also distributed as part of silvopastoral restoration, providing shade, fodder, and long-term tree cover in pastures. Farmers received training in climate-smart, agroecological practices to improve crop resilience to heat and variable rainfall.*new_line*Given increasing wildfire risk, the project as also trained and equipped community fire wardens in basic fire management and created firebreaks to protect both farms and the forest. *new_line*This project is funded by the Global Environment Facility (GEF) Small Grants Programme and implemented with support from the United Nations Development Programme (UNDP).",,"[""Climate Adaptation"",""Disaster Risk Reduction"",""Economic & Social Development"",""Human Health"",""Food Security"",""Biodiversity Degradation & Loss""]","Riparian forests,Freshwater ecosystems",Food and income for local households and habitat for wildlife,"The project addresses climate risks associated with more frequent and intense hurricanes and tropical storms, including damage to forests, crops, and homes. By restoring the tree cover, supporting home gardens, and promoting agroecological practices, it helps to ensure food security in communities and reduces vulnerability to future storm impacts. The project also responds to wildfire risk, lowering the likelihood and severity of fires affecting forests, farms, and settlements.","Hurricanes and wildfires threaten habitats and can drive biodiversity loss. Promoting natural regeneration of riparian forests, replanting native trees, and installing aerial bridges helps to restore habitat structure and movement pathways for arboreal species; thus, helping sustain biodiversity in the Belize River Valley and Community Baboon Sanctuary.",https://howlermonkeybelize.org/,,,Bermudian Landing,,,
Restoring degraded lands within key areas of the Maya Mountain North Forest Reserve and surrounding buffer zones,Completed,2022,2023,,,Ya’axche Conservation Trust,Farmers within the Maya Mountain North Forest Reserve,"This project strengthened the capacity of 50 farmers in southern Belize to restore degraded lands and implement sustainable, forest-compatible production systems. Farmers were trained to identify approximately 70 species of native fruit and timber trees and apply sustainable cacao farming practices as an alternative to extractive land use.*new_line*The project supported 24 farmers in establishing cacao farm plots using planting material from the Ya’axche Conservation Trust’s nursery. In parallel, it promoted the propagation of seven endangered native timber species whose populations had been declining in the project area. Farmers received seedlings to establish agroforestry systems and implement on-farm and landscape-level restoration actions that contribute to biodiversity recovery and long-term ecosystem resilience.  ",,"[""Climate Adaptation"",""Economic & Social Development"",""Food Security"",""Biodiversity Degradation & Loss""]",Broadleaf forests and riverine ecosystems  ,Food and income source for farming communities.,"By restoring forest cover and promoting agroforestry, the project addressed climate risks associated with changing precipitation patterns, such as prolonged drought and water and food shortages. Increased tree cover improves soil moisture retention, enhances local water regulation, and stabilizes agricultural productivity under climate variability.","The project addressed biodiversity risks including deforestation and the decline of native species through targeted restoration and the reintroduction of endangered forest species. These actions improve habitat quality, enhance ecological connectivity, and support the recovery of forest biodiversity within the reserve and its buffer zones.","Interview with Mr. Marvin Vasquez, Ya’axche Conservation Trust",,,,,,"Trio, Bella Vista"
Promoting biodiversity conservation through crop zoning and sustainable farming practices in Belize’s Maya Golden Landscapes,Ongoing,2024,2027,,,Ya’axche Conservation Trust,"Indicated communities, with a focus on farmers, women, and youth","This project applies a landscape-scale approach to balance biodiversity conservation with sustainable agricultural production in the Maya Golden Landscapes. It seeks to rezone Belize’s Maya Golden Landscapes into 3 zones: a no take zone, a cacao farming zone, and an annual crop zone, reducing land-use conflicts and protecting priority biodiversity areas. The rezoning included decisions of women, men, and youths. Women were also given the opportunity to have farming zones.*new_line*The project will also strengthen farmers’ knowledge of pest control and sustainable agricultural practices, reducing pressure on surrounding forest ecosystems and improving farm-level resilience.*new_line*Furthermore, biodiversity will be monitored in the area through camera trapping in partnership with farmers who were trained in camera trapping operation and maintenance. This community-based monitoring system generates critical data to track wildlife populations and guide adaptive landscape management.",,"[""Climate Adaptation"",""Economic & Social Development"",""Food Security"",""Biodiversity Degradation & Loss""]",Broadleaf forests and agricultural ecosystems,Food and water supply for target communities and an income source for cacao farmers.,"By protecting forests and promoting climate-resilient farming systems, the project addresses climate risks associated with drought and changing precipitation patterns, including increased wildfire susceptibility, heat and moisture stress on crops and wildlife, and water shortages. Forest conservation and improved farming practices enhance soil moisture retention, reduce fire risk, and stabilize food and water availability for communities.","The project addresses biodiversity risks such as forest degradation, habitat loss, and wildlife population declines due to agricultural expansion, storm damage, and unsustainable land use. Through land-use zoning, sustainable farming, and community-based biodiversity monitoring, it reduces pressure on ecosystems and improves habitat connectivity.","Interview with Mr. Marvin Vasquez, Ya’axche Conservation Trust",,,,,,"Bladen, Trio, San Jose, Aguacate, Big Falls, Golden Stream, Indian Creek, Medina Bank, Silver Creek, San Miguel"
CAPA Initiative: Supplementary livelihoods for coastal communities,Ongoing,2024,2026,,,"Wildlife Conservation Society (WCS),International Institute for Sustainable Development (IISD)","WCS stakeholder communities. Cumulatively, 218 individuals participated in the meetings, including men, women, youths.","In this activity implemented under the CAPA Initiative, resilient livelihood options compatible with ecosystem conservation were identified and prioritized through a participatory process with local stakeholders. A tailored training plan was then implemented, including sessions on boat handling, tour guiding, diving certification, and sewing and crafting, benefiting 124 community members with a strong emphasis on women and vulnerable groups.*new_line*Complementary investments have been aimed at strengthening seaweed farming as a nature-based resilient livelihood, including support for value-added processing. Seaweed mariculture provides habitat for marine life, generates sustainable income, and supports the ecological health of coastal ecosystems.*new_line*These actions diversify household income streams, build local capacity for environmentally compatible livelihoods, and reduce dependence on fisheries and pressure on coastal and marine ecosystems.*new_line*This initiative is funded by Global Affairs Canada.*new_line*",,"[""Climate Adaptation"",""Economic & Social Development"",""Biodiversity Degradation & Loss""]","Coastal ecosystems, Marine ecosystems",Food and income source for target communities and habitat for local species.,"By diversifying livelihoods, the project reduces fishing pressure on marine and coastal ecosystems, enabling them to maintain ecological health and strengthen their adaptive capacity to climate stressors such as rising temperatures and extreme weather events. Healthier ecosystems are better able to provide natural shoreline protection, storm surge buffering, and sustain fisheries that support local food security. Reduced dependence on fisheries also lowers households’ socioeconomic vulnerability to climate-driven shocks.","By promoting supplementary livelihoods, the project reduces harvest pressure on marine ecosystems and supports the conservation of vulnerable species. Seaweed farming also provides habitat structure for juvenile fish and invertebrates. Conservation-oriented tourism activities reinforce community stewardship and help maintain ecological integrity and biodiversity in marine and coastal habitats.","https://www.iisd.org/capa/belize, Interview with Giselle Borland (IISD) and Ralna Lewis (WCS)",Sarteneja,,Belize City,,"Dangriga, Hopkins, Riversdale, Seine Bight",
Increased protection of species in the Corozal Bay Wildlife Sanctuary,Ongoing,2023,2025,,,Sarteneja Alliance for Conservation and Development (SACD),"Traditional fishers in Sarteneja, members of the Sarteneja Tour Guide Association (STGA), and stakeholders of the Corozal Bay Wildlife Sanctuary","Managed by SACD, the Corozal Bay Wildlife Sanctuary (CBWS) is a marine protected area that provides critical habitat for several marine species. These habitats are vital in supporting biodiversity and maintaining the success of community-based fishing and tourism livelihoods.*new_line*SACD implements a range of activities to protect biodiversity in the CBWS and safeguard traditional livelihoods, including strengthening the management and sustainability of the CBWS’ traditional beach trap fishery through the implementation of a sustainable fishery plan, regular patrols of the area, and collaborative and community-based monitoring of critical marine species. Monitoring and enforcement data are shared to inform adaptive management decisions for the CBWS.*new_line*SACD also supports a Junior Mangrove Guardians initiative, that educates and raises awareness among youth about the importance of ecosystems to foster generational environmental stewardship. ",,"[""Climate Adaptation"",""Economic & Social Development"",""Biodiversity Degradation & Loss""]",Marine ecosystems,Habitat for marine species and food and income source for target communities.,"By strengthening the protection and management of marine protected areas, the project enhances ecological resilience to warming and extreme weather events, helping to maintain productivity and reduce the socioeconomic vulnerability of fishers and tourism operators.","The project addresses biodiversity risks such as habitat degradation and loss, species population declines, and unsustainable resource use driven by both climate change and human pressures. Through enhanced protection, monitoring, and community stewardship, it supports the long-term conservation of marine biodiversity within the sanctuary.",https://belizefund.bz/projects/safeguarding-biodiversity-and-species-abundance-in-corozal-bay-wildlife-sanctuary/ ,Sarteneja,,,,,
CAPA Initiative: Experimental treatment plots for Stony Coral Tissue Loss Disease (SCTLD) in marine reserves,Ongoing,2023,2026,,,"Wildlife Conservation Society (WCS),International Institute for Sustainable Development (IISD)",Communities and users of the Glovers Reef Marine Reserve (GRMR) and South Water Caye Marine Reserve (SWCMR),"This NbS intervention involves applying an experimental treatment and systematically monitoring coral colonies to reduce the spread and ecological impacts of Stony Coral Tissue Loss Disease (SCTLD) within key marine reserves in Belize. Coral colonies in treatment plots are tagged and monitored to track live tissue cover, bleaching, and disease progression, generating scientific evidence to inform reef management and restoration responses.*new_line*Following SCTLD monitoring, the initiative has transitioned into the Long-Term Atoll Monitoring Program (LAMP), which conducts benthic surveys, assesses reef fish biomass, and measures conch population dynamics to evaluate ecological trends.*new_line*Complementary monitoring of temperature, salinity, dissolved oxygen, turbidity, and pH using handheld instruments and temperature loggers enables early detection of climate stress thresholds and supports adaptive marine management. Together, these efforts provide essential data to guide restoration actions and inform adaptive management.*new_line*This project is funded by Global Affairs Canada.",,"[""Climate Adaptation"",""Disaster Risk Reduction"",""Food Security"",""Biodiversity Degradation & Loss""]","Coastal ecosystems,Marine ecosystems","Natural storm surge buffering, habitat for marine species, and sustained food, income, and tourism livelihoods for target communities.","SCTLD has intensified under warmer sea temperatures. By experimentally treating infected coral colonies and monitoring their response, the project generates valuable insights for restoration efforts that support coral health and resilience.  Additionally, the monitoring of ecological indicators and climate parameters enhances the capacity to understand climate-driven bleaching, detect disease outbreaks, and inform management actions. Healthier reefs maintain their ability to buffer storm surge, support fisheries, and protect coastal livelihoods, reducing long term socioeconomic vulnerability.","SCTLD causes mortality of reef-building corals, leading to habitat loss, declines in key species, and reduced ecosystem productivity. By testing and monitoring treatment approaches, the project supports the conservation of coral colonies, slows biodiversity loss, and helps sustain ecological functions.","https://www.iisd.org/capa/belize,Interview with Giselle Borland (IISD), Henry Brown (WCS), Ralna Lewis (WCS)",Sarteneja,,Belize City,,"Dangriga, Hopkins, Placencia",
Strengthening the capacity of farmers and local communities to adapt to climate change in the Vaca Forest Reserve,Completed,,,,,Friends for Conservation & Development (FCD),Farmers and communities surrounding the Vaca Forest Reserve,"This project worked in collaboration with local farmers and their communities to identify and implement climate adaptation measures. Core interventions included the reforestation of degraded riparian zones to stabilize riverbanks and protect water resources.*new_line*Complementary actions focused on climate-resilient agriculture, including the establishment of improved irrigation systems, construction of crop cover structures to reduce heat and moisture stress, and capacity-building activities for men, women, and youth on sustainable forest resource use and beekeeping.*new_line*The project was funded by the Global Environmental Facility Small Grants Programme.",,"[""Climate Adaptation"",""Economic & Social Development"",""Food Security"",""Biodiversity Degradation & Loss""]","Broadleaf forests, rivers, agricultural ecosystems","Habitat for local species, water supply and regulation, and food and income source for target communities. ","By promoting reforestation and strengthening climate-resilient farming practices, the project addressed drought-related risks, including declining agricultural productivity and reduced water availability. These NbS can enhance soil moisture retention and water regulation, reducing vulnerability to prolonged dry periods.","The project addresses biodiversity risks such as forest fragmentation, topsoil loss, and habitat degradation caused by unsustainable land use and climate stress. Through NbS, it improves ecological connectivity and reduces pressures on ecosystems.",https://sgp.undp.org/spacial-itemid-projects-landing-page/spacial-itemid-project-search-results/spacial-itemid-project-detailpage.html?view=projectdetail&id=25687,"Arenal, San Jose Succotz, Benque Viejo del Carmen",,,,,
Restoration of riparian forest in critical areas of the Community Baboon Sanctuary,Ongoing,2024,2025,,,Community Baboon Sanctuary Women’s Conservation Group (CBSWCG),"Community members, women, youth, students, farmers, and cattle ranchers in the Community Baboon Sanctuary stakeholder communities.","This NbS project integrates ecosystem restoration with sustainable land management and improved livelihoods for local farmers and cattle ranchers in the Belize River Valley.*new_line*Three acres of critically degraded riparian areas are being restored in each of the three target communities to improve habitat connectivity and ecosystem health, benefiting Black Howler Monkeys and other native wildlife. Over 2,200 trees, such as bamboo, willow, Inga bri-bri, Maya nut, and madre de cacao (Gliricidia sepium), have been planted as living fence posts. These species stabilize soils, provide shade, fodder, and microhabitats, and enhance biodiversity along field boundaries and riverbanks.*new_line*The project also supports cattle ranchers in improving pasture quality and cattle health through the planting of high-protein grasses for enclosed grazing systems, coupled with training workshops on pasture management, agroforestry, and silvopastoral practices. This combination of riparian restoration and silvopastoral systems strengthens ecological resilience while supporting more sustainable, climate-resilient livelihoods.*new_line*These activities are supported by the Innovation Fund sub-granting mechanism under the CAPA Initiative, implemented by IISD and WCS with funding from Global Affairs Canada.",,"[""Climate Adaptation"",""Disaster Risk Reduction"",""Economic & Social Development"",""Food Security"",""Water Security"",""Biodiversity Degradation & Loss""]",Riparian forests ,"Habitats for local species, erosion and flood control, water regulation, and food and income sources for target communities.","The project addresses climate risks associated with changing precipitation patterns, including more frequent flooding from intense rainfall and prolonged dry periods, causing increased soil erosion and susceptibility to wildfires. Restoring riparian forests and establishing silvopastoral systems and living fences improve soil stability, reduce runoff, and enhance water retention, which helps buffer both heavy rains and dry spells.","Degraded riparian zones and eroded riverbanks threaten habitat quality, connectivity, and wildlife movement, contributing to biodiversity loss in the Community Baboon Sanctuary landscape. By planting native trees in eroded areas and establishing living fence posts to link habitat patches, the project reduces habitat fragmentation, supports natural regeneration, and helps conserve biodiversity along the Belize River Valley.",Interview with Ms. Jessie Young (CBSWCG),,,"St. Paul’s Bank, Flowers Bank, Isabella Bank",,,
"Agroforestry, sustainable forestry, and reforestation in watersheds in the Toledo District",Ongoing,Present,Present,,,Sarstoon Temash Institute for Indigenous Management (SATIIM),Indigenous Peoples and women’s groups from the communities.,"This initiative applies an NbS approach focused on watershed reforestation, sustainable forestry, and agroforestry across Indigenous territories in southern Belize. Key actions include the establishment of agroforestry demonstration plots, participatory farm management planning, and training in sustainable agroforestry practices, data collection, and GPS use to strengthen local land stewardship.*new_line*The project places a strong emphasis on the engagement of women by supporting their participation in supplementary livelihoods, environmental monitoring, and resource management. This has strengthened household income, enhanced food security, and supported social and economic development.*new_line*Implementation is led by SATIIM in collaboration with local Indigenous organizations, including Rax Mu Qi’che and the Conejo Community Forest Group, fostering Indigenous leadership, local ownership, and long-term sustainability of watershed restoration efforts.*new_line*",,"[""Climate Adaptation"",""Economic & Social Development"",""Food Security"",""Water Security"",""Biodiversity Degradation & Loss""]",Broadleaf forests,"Source of timber and non-timber forest products, water regulation, and food and income source for target communities.","By restoring forest cover and promoting sustainable agroforestry, the project addresses climate risks such as increased drought frequency and intensity, reduced soil moisture, and heightened wildfire risk. Improved vegetation cover enhances water retention and supports agricultural productivity and water security under a changing climate.","Through watershed reforestation and sustainable forest management, the project reduces forest cover loss, improves habitat quality, and supports the conservation of native forest species and ecological functions.","Interview with Ms. Maya Choc, SATIIM",,,,,,"Sunday Wood, Santa Teresa, Conejo, Crique Sarco, Graham Creek"
Climate Adaptation and Protected Areas (CAPA) Initiative: Regeneration of degraded areas in the Maya Forest Corridor by planting native trees and opening firebreaks,Ongoing,2023,2026,,,"Wildlife Conservation Society (WCS),International Institute for Sustainable Development (IISD)","The Maya Forest Corridor (MFC) surrounding communities, inclusive of the Community Baboon Sanctuary","This CAPA initiative supports the active regeneration of highly degraded areas within the Maya Forest Corridor using native tree planting through nucleation techniques (Anderson group planting). A total of 10 hectares of degraded broadleaf forest has been restored using locally selected wildlings, with species chosen based on local tree community dynamics and ecological conditions.*new_line*To reduce wildfire risk and protect restored areas, firebreaks were established and are being maintained around all regeneration plots. All planting transects also function as firebreaks, strengthening landscape-level fire prevention.*new_line*Ongoing monitoring of regeneration plots is occurring to assess tree survival and growth rates to guide adaptive management and ensure long-term ecosystem recovery.*new_line*This initiative is funded by Global Affairs Canada.",,"[""Climate Mitigation"",""Climate Adaptation"",""Disaster Risk Reduction"",""Water Security"",""Biodiversity Degradation & Loss""]","Broadleaf forests,Freshwater ecosystems ","Erosion and flood control, water filtration, topsoil retention, carbon storage, habitat for local species, and pollination.","Through forest regeneration and the establishment of firebreaks, the project addresses climate risks associated with rising air temperatures, increased wildfire frequency, drought, and flooding. Restored vegetation enhances soil retention, reduces erosion during intense rainfall, improves water regulation, and strengthens ecosystem resilience to climate extremes.","The project addresses forest degradation, habitat loss, and wildlife displacement. By restoring native tree cover, it improves habitat availability and connectivity for forest-dependent species, reduces soil erosion, and supports the recovery of ecological functions within the Maya Forest Corridor.","https://www.iisd.org/capa/belize,Interview with Giselle Borland (IISD),Boris Arevalo (WCS),Yahaira Urbina (WCS)",,,"Mahogany Heights, La Democracia, Hattieville,Gracie Rock, Bermudian Landing, Scotland Halfmoon, Double Head Cabbage, Willows Bank, St. Paul’s Bank, Rancho Dolores","Cotton Tree, Franks Eddy",,
Enhancing the Resilience of Belize’s Coastal Communities to Climate Change Impacts Project ,Ongoing,2024,Present,,Protected Areas Conservation Trust (PACT),"National Climate Change Office (NCCO) of the Government of Belize,Coastal Zone Management Authority and Institute (CZMAI),National Meteorological Service (NMS),National Hydrological Service (NHS),Ministry of Infrastructure Development and Housing (MIDH)","Residents along the coast of Belize, especially in Dangriga and Hopkins","This project is implementing sand renourishment to restore beaches in Dangriga and Hopkins, with the aim of restoring sedimentary balance in the coastal zone and strengthening natural defenses against erosion and extreme weather events. The intervention is guided by bathymetric and sediment studies and complemented by geotube installation to promote the long-term stability of replenished beaches and their benefits.*new_line*Complementary actions include developing monitoring programs for saltwater intrusion and beach erosion, implementing an early warning system for coastal communities, and promoting awareness and knowledge sharing on beach erosion and restoration. The project also supports capacity building for the implementation of the Integrated Coastal Zone Management Plan.*new_line*This is a USD 4 million project funded by the Adaptation Fund.",,"[""Climate Adaptation"",""Disaster Risk Reduction"",""Water Security"",""Biodiversity Degradation & Loss""]","Beaches, mangrove forests, seagrass meadows,coral reefs","Enhanced natural barrier against storm surges, flood and erosion control, habitat for local species, and opportunities for tourism-related livelihoods. ","By strengthening natural defenses along the shoreline, the NbS addresses risks associated with an increased frequency and intensity in hurricanes and storms and sea level rise, including increased coastal flooding and erosion, property damage, death and injury to humans and wildlife, and economic losses for those working in natural resource-dependent industries, such as ecotourism and aquaculture.","Biodiversity risks are addressed indirectly (not accounted for in the project design). By stabilizing beaches, the project helps protect coastal and marine habitats, such as seagrass beds and mangroves, which are threatened by sediment loss. Additionally, maintaining healthy beach and dune systems supports biodiversity linked to nesting areas. ",https://www.adaptation-fund.org/project/enhancing-the-resilience-of-belizes-coastal-communities-to-climate-change-impacts/,,,,,"Dangriga,Hopkins",
Restoration of riparian forest in Monkey River,Ongoing,2022,2026,,,"Central American Bank for Economic Integration (CABEI), Coastal Zone Management Authority and Institute (CZMAI),Caribbean Community Climate Change Centre (CCCCC)","Approximately 200 residents in Monkey River and 1,200 indirect beneficiaries in nearby communities","This project restores degraded riparian and coastal ecosystems in the Monkey River Delta through community-based reforestation and restoration. Using locally appropriate native species, 350 hectares along the Monkey River banks are being reforested, 5 hectares of mangroves are being replanted near the estuary, and 145 hectares of adjacent lands are being revegetated with agricultural crops such as bananas. A community plant nursery and seed collection system are also being established.*new_line*In parallel, the project is building local capacity to implement and monitor restoration activities, strengthening long-term stewardship and sustainability. The intervention is financed by the Adaptation Fund.",,"[""Climate Adaptation"",""Food Security"",""Disaster Risk Reduction"",""Economic & Social Development"",""Biodiversity Degradation & Loss""]","Mangrove forests, Estuaries,Agricultural ecosystems","Food and income sources for target communities, erosion control, and protection against storm surges.","By restoring riparian forests and mangroves, the project reduces vulnerability to flooding, storm surges, and erosion, which are associated with more frequent and intense storms. Improved vegetation cover stabilizes riverbanks, reduces sediment transport, protects agricultural lands, and lowers the risk of economic losses for local communities.","The project addresses biodiversity risks associated with the degradation of riparian forests caused by logging and storm damage. Restoration activities reduce erosion and siltation, improving habitat quality for aquatic and terrestrial species.",https://fifspubprd.azureedge.net/afdocuments/project/14811/14811_CABEI%20Proposal-Guatemala%20Honduras%20and%20Belize%202022-05-31%20final%20CLEAN_LOEs%20.pdf ,,,,,,Monkey River
Strengthening community agroforestry through cooperatives for resilient livelihoods,Completed,2019,2022,,,Ya’axche Conservation Trust,Green Creek Farmers’ Cooperative (GCFC) and Aguacate Conservation & Development Committee (ACDC),"This project strengthened community-led agroforestry and sustainable land management through cacao-based production systems and participatory land-use zoning. Prior to this project women were not able to get lands that were zoned for cacao-based production, but they were included in this process. Farmers cooperatives received training in climate-smart agroforestry practices, the restoration of degraded lands, and sustainable resource management, including women, men and youths. Additionally, 1,500 cacao saplings were distributed to help expand agroforestry plots with the inclusion of women and youth.*new_line*These interventions reduce pressure on surrounding forests, improve soil and water regulation, enhance carbon sequestration, and support diversified, climate-resilient livelihoods.",,"[""Climate Adaptation"",""Economic & Social Development"",""Food Security"",""Water Security"",""Biodiversity Degradation & Loss""]","Broadleaf forests,Agricultural ecosystems","Water supply, soil fertility, food and income source for farming households, and carbon sequestration.","By increasing tree cover and improving soil and water management through agroforestry, the project addresses climate risks related to drought, flooding, and changing rainfall patterns. Agroforestry systems improve moisture retention, stabilize agricultural production, and strengthen community resilience to climate variability.","The project addressed biodiversity risks such as forest cover loss, habitat degradation, soil erosion, and wildlife population decline. Through agroforestry restoration and land-use zoning, it improved habitat connectivity, reduced pressure on remnant forests, and supported the recovery of native species.","nterview with Mr. Marvin Vasquez, Ya’axche Conservation Trust",,,,,,"San Jose, Aguacate"
CAPA Initiative: Climate-smart agriculture practices and agroforestry systems in the Belize River Valley,Ongoing,2023,2026,,,"Wildlife Conservation Society (WCS),International Institute for Sustainable Development (IISD)",River Valley communities,"This CAPA initiative promotes climate-smart regenerative agriculture and agroforestry systems in Belize River Valley communities to strengthen food security, climate resilience, and riverbank stability. Key NbS interventions include the establishment of regenerative home garden plots using cover structures (tropical greenhouses) that create protected microclimates.*new_line*Four cover structures were constructed in collaboration with the Community Baboon Sanctuary in St. Paul’s and Willows Bank and in Isabella Bank. Continuous technical support is provided on planting, transplanting, integrated pest management, soil amendments, and the application of organic fertilizers.*new_line*Capacity building included hands-on training in bokashi organic fertilizer production and cover structures management. In parallel, silvopastoral agroforestry systems were established along degraded riverbanks through the distribution of 75 fruit trees in Flowers Bank and Willows Bank, strengthening riverbank stabilization and on-farm tree cover.*new_line*This initiative is funded by Global Affairs Canada.",,"[""Climate Adaptation"",""Disaster Risk Reduction"",""Economic & Social Development"",""Food Security"",""Biodiversity Degradation & Loss""]","Agricultural,Freshwater ecosystems","Erosion and flood control, water filtration, topsoil retention, pollination, nutrient cycling, and food source for communities.","By promoting protected crop production systems and riverbank agroforestry, the project addresses climate risks linked to changing precipitation patterns, such as drought, intense rainfall, and heat stress that affect crop yields and agricultural calendars. Improved tree cover and soil management enhance soil retention, reduce erosion and flood risk along riverbanks, and stabilize food production under climate variability.","The project addresses biodiversity risks such as habitat degradation, riverbank erosion, and declining on-farm biodiversity. Agroforestry systems and tree planting along waterways improve habitat for birds and other wildlife, enhance landscape connectivity, and support ecosystem functions while reducing pressure on surrounding natural habitats.","https://www.iisd.org/capa/belize,Interview with Giselle Borland (IISD), Boris Arevalo (WCS),Damaris De La Rosa (WCS)",,,"St. Paul’s Bank, Willows Bank, Isabella Bank, Lucky Strike",,,
Sustainable management of the Five Blues Lake National Park,Completed,2022,2023,,,Belize Enterprise for Sustainable Technology (BEST) ,Members of the Hummingbird Environmental Tour Guides Association and the St. Margaret Village community,"This project sought to revitalize the Five Blues Lake National Park through protection and sustainable management measures, as well as infrastructure upgrades. Members of the community-based Hummingbird Environmental Tour Guides Association (HETA) were trained to sustainably manage the park and granted co-management status to protect its ecosystems. HETA’s sustainable management efforts have supported the passive regeneration of the forest, in combination with upgrading trails and restoring road access to the park, which in turn has provided more opportunities to the community for income generation. As a result of improved governance and stewardship, the park has seen a noticeable decrease in deforestation and poaching.*new_line*This project was funded by the Global Environmental Facility Small Grants Programme.",,"[""Climate Adaptation"",""Economic & Social Development"",""Biodiversity Degradation & Loss""]","Tropical forest, freshwater ecosystems, cave ecosystems",Habitat for local species and an income source for community members.,"Changing precipitation patterns and increasing air temperatures have subjected Five Blues Lake National Park to prolonged periods of drought, putting stress on flora and fauna and depleting the park’s supply of freshwater. Improved management has enhanced water retention, supported the recovery of freshwater supplies, and reduced climate stress on flora and fauna within the park.","The project addresses long-term ecosystem degradation, habitat loss, and reduced wildlife populations that were caused by limited management capacity in the past and climate stress. Improved management has contributed to enhanced habitat protection and supported the recovery of ecological functions in the park.",https://sgp.undp.org/spacial-itemid-projects-landing-page/spacial-itemid-project-search-results/spacial-itemid-project-detailpage.html?view=projectdetail&id=32278,,,,St. Margaret Village,,
Smart Coasts Project ,Completed,2018,2023,,,"World Wide Fund for Nature (WWF), Sarteneja Alliance for Conservation and Development (SACD),Southern Environmental Association (SEA)","Fishers, marine guides, and communities in the indicated areas","The Smart Coasts project trained youth in five communities on mangrove restoration and helped to establish a ‘Mangrove Community Watchdog’ program to protect and restore mangrove forests in northern Belize. The project also supported capacity building, community outreach, and an education campaign on mangrove protection and restoration. Additionally, it contributed to the update of the Placencia Lagoon Management Plan by integrating climate change considerations to ensure sustainable management of the area.*new_line*Additional activities included coral restoration efforts, establishing and outplanting four coral nurseries in collaboration with the Hol Chan Marine Reserve, and providing training to support future community-based coral restoration projects. ",,"[""Climate Adaptation"",""Economic & Social Development"",""Biodiversity Degradation & Loss""]","Mangrove forests,Coral reefs","Enhanced natural barrier against storm surges, habitat for local species, and income sources for local communities.","By restoring mangrove and coral reef ecosystems, the project addresses several climate risks associated with rising sea surface temperatures, sea level rise, ocean acidification, coastal flooding, and hurricanes. These interventions help reduce property damage, death and injury to humans, and economic losses in the tourism and fisheries sectors.","Mangrove forests and coral reefs are highly vulnerable to climate change and susceptible to degradation, particularly from development and tourism. By promoting the conservation, restoration and sustainable management of these ecosystems, the project contributes to preventing mangrove loss, supports coral health, and protects the habitats of marine and coastal species.","https://wwflac.awsassets.panda.org/downloads/wwf_powering_nature_report.pdf,https://www.wwfca.org/en/smartcoastsmar/,https://wwflac.awsassets.panda.org/downloads/corozal_bay.pdf,https://wwflac.awsassets.panda.org/downloads/corozal_bay.pdf","Sarteneja, Chunox, Copperbank, Consejo, Corozal town",,"Ambergris Caye, Caye Caulker",,"Hopkins, Riversdale, Seine Bight, Placencia, Independence",
Regenerative agriculture and reforestation with communities in the Belize Maya Forest,Ongoing,2021,2021,,,Belize Maya Forest Trust (BMFT),Local communities living in and around the Belize Maya Forest,"To strengthen the resilience of the Belize Maya Forest and its communities, the BMFT is implementing regenerative agriculture and reforestation initiatives with communities. Regenerative agriculture activities include the establishment of cover crop demonstration plots and agroforestry practices (inga alley cropping) through the provision of seeds and training. Reforestation efforts focus on the planting of 4,000 fruit trees, complemented by passive natural regeneration within the reserve. The BMFT is also conducting water quality testing to address pollution concerns and community-based fire management training to reduce wildfire risks.",,"[""Climate Adaptation"",""Food Security"",""Water Security"",""Economic & Social Development"",""Biodiversity Degradation & Loss""]","Agricultural ecosystems,Tropical rainforest","Habitat for over 600 flora and fauna species and food and water supply for target communities. It also improves soil fertility, water infiltration, and landscape connectivity between agricultural lands and forest ecosystems.","Through regenerative agriculture, reforestation, and fire management, the project reduces vulnerability to drought, flooding, and wildfires. The NbS enhance moisture retention, reduce heat stress on crops, stabilize yields under climate variability, and lower wildfire risk. These interventions also strengthen food security and livelihood resilience for farming communities.","By promoting agroforestry systems and supporting natural forest regeneration, the project addresses risks of habitat loss, ecosystem fragmentation, and declines in native species. Reforestation creates habitat for wildlife, improves ecological connectivity, and reduces pressures on remaining forest areas.","https://globalconservation.org/projects/greater-belize-maya-forest,https://www.nature.org/en-us/what-we-do/our-insights/perspectives/protecting-belize-maya-forest-biodiversity-climate/ ",,San Felipe,,"Selena, Yalbac, La Gracia, Buena Vista, Los Tambos, Valley of Peace",,
Strengthening coral reef resilience through science for adaptive management,Ongoing,Present,Present,,,Coastal Zone Management Authority and Institute (CZMAI),Local communities and users of the TAMR,"Through partnerships with government agencies and researchers, the project strengthens the science-based adaptive management of coral reefs. It builds the capacity of protected areas staff to manage and interpret long-term coral reef monitoring datasets, improving understanding of site-specific ecological resilience. This evidence-based approach supports adaptive decision-making and the design of effective restoration and conservation measures under changing climate conditions.",,"[""Climate Mitigation"",""Climate Adaptation"",""Disaster Risk Reduction"",""Economic & Social Development"",""Biodiversity Degradation & Loss""]",Coral reefs,"Carbon sequestration, enhanced natural barrier against storm surges, habitat for marine species. It also supports fisheries productivity and tourism-based livelihoods that depend on healthy reef ecosystems.","By strengthening reef monitoring and adaptive management, the project addresses climate risks linked to rising sea surface temperatures and the increasing intensity of tropical storms. Improved reef management enhances the capacity of corals to resist and recover from bleaching and disease, while maintaining their role in reducing storm surge impacts. These actions also help lower long-term climate-related economic risks for fisheries, aquaculture, and tourism.","By strengthening reef monitoring and adaptive management, the project addresses climate risks linked to rising sea surface temperatures and the increasing intensity of tropical storms. Improved reef management enhances the capacity of corals to resist and recover from bleaching and disease, while maintaining their role in reducing storm surge impacts. These actions also help lower long-term climate-related economic risks for fisheries, aquaculture, and tourism.","https://www.coastalzonebelize.org/flagship-projects/, Correspondence with Tara Scarborough, CZMAI",,,"Caye Caulker, San Pedro, Ambergris Caye, Turneffe Atoll Marine Reserve",,,
CAPA Initiative: Early warning and immediate response to tropical cyclone impact on reefs,Ongoing,2023,2026,,,"Wildlife Conservation Society (WCS),International Institute for Sustainable Development (IISD)",Communities and users of South Water Caye Marine Reserve (SWCMR) and Glover’s Reef Marine Reserve (GRMR),"This initiative builds local capacity for rapid reef response during and after tropical cyclone impacts. Community snorkelers and divers were trained as Reef First Response Brigades in GRMR and SWCMR, equipped with the knowledge and skills to enact an Early Warning and Immediate Response Protocol for coral reef damage, storm debris, sedimentation, and other disturbances.*new_line*The brigades support preparedness, monitoring, and rapid action following extreme weather events, helping maintain reef structure and ecological function. This local monitoring and stewardship enhance early detection, improve post-storm restoration efficiency, and mitigate ecological degradation.*new_line*To complement rapid response efforts, a parametric insurance policy was secured for GRMR and SWCMR, in partnership with MARFund. This financial instrument enables faster mobilization of funds following climate-related reef impacts, supporting immediate restoration activities and improving ecosystem resilience.*new_line*This initiative is funded by Global Affairs Canada.",,"[""Climate Adaptation"",""Disaster Risk Reduction"",""Biodiversity Degradation & Loss""]","Coastal ecosystems,Marine ecosystems,Coral reefs ",Enhanced natural barrier against storm surges and erosion control,"Coral reefs in Belize are increasingly exposed to hurricanes that cause structural damage, sedimentation, and mortality. By training rapid response brigades, the project strengthens capacities to reduce impacts, accelerate recovery, and mitigate reef degradation. Healthy reefs retain their ability to buffer shorelines, protect coastal settlements, and sustain fisheries and tourism livelihoods in a changing climate.","Coral reefs affected by hurricanes are at high risk of habitat loss, reduced live coral cover, and cascading declines in fish and invertebrate populations. The rapid response protocols mitigate ecosystem damage, improve post-impact survival, and support the persistence of reef biodiversity.","https://www.iisd.org/capa/belize,Interview with Giselle Borland (IISD) and Ralna Lewis (WCS)  ",Sarteneja,,Belize City,,"Dangriga, Hopkins, Seine Bight, Riversdale, Placencia",
Building capacities in forest fire management among Indigenous Peoples and local communities,Completed,2222,2222,,,Toledo Institute for Development and Environment (TIDE),15 communities across the Toledo District.,"This project strengthened the capacity of Indigenous Peoples and local communities to participate effectively in forest fire management as an NbS for disaster risk reduction and climate resilience.*new_line*A total of 81 community members received training on fire management. Following the training, three community fire management hubs were established, each equipped with six sets of firefighting equipment to support rapid and coordinated response.*new_line*In addition, TIDE implemented a media campaign to raise awareness of community-based fire management in three local languages, strengthening local ownership of wildfire prevention and response.*new_line*This project was funded by the Global Environmental Facility (GEF) Small Grants Programme.",,"[""Climate Adaptation"",""Disaster Risk Reduction"",""Biodiversity Degradation & Loss""]",Tropical forests ,"Carbon sequestration, food and income source for community members","By strengthening community-based fire prevention and response, the project addresses the risk of increased wildfire frequency and intensity under hotter and drier conditions. Improved preparedness reduces risks to lives, forest resources, infrastructure, and livelihoods that depend on forest ecosystems.","The project addresses biodiversity risks such as habitat destruction, species mortality, and ecosystem degradation caused by uncontrolled wildfires. By enhancing prevention and early response capacity, it supports the protection of forest habitats and the conservation of terrestrial biodiversity.",https://sgp.undp.org/spacial-itemid-projects-landing-page/spacial-itemid-project-search-results/spacial-itemid-project-detailpage.html?view=projectdetail&id=29730 ,,,,,,"Punta Negra, Monkey River, Golden Stream, Medina Bank, Cattle Landing, Bladen, San Pedro Columbia, Indian Creek, Big Falls"
Protection and conservation of commercial species and fish spawning aggregation sites in Sapodilla Cayes Marine Reserve,Ongoing,2023,2026,,,Toledo Institute for Development and Environment (TIDE),"120 fishers, 40 marine guides and 15 tour operators, who depend on natural resources within the Sapodilla Cayes Marine Reserve, as well as approximately 8,000 residents in the indicated communities. ","This project strengthens the protection of three legally recognized fish spawning aggregation (FSA) sites within the Sapodilla Cayes Marine Reserve, which are closed seasonally to replenish fish populations and maintain healthy reef fisheries.*new_line*Activities include annual monitoring of key commercial species such as the Caribbean spiny lobster and queen conch, coordination with the Belize Marine Protected Areas Network on FSA management, and support for supplementary livelihood options such as seaweed production to reduce pressure on reef fisheries.*new_line*TIDE also engages local schools and the community college to raise awareness on marine conservation and provides a Fisher’s Forum that enables dialogue between fisherfolk, TIDE, and the Belize Fisheries Department on fisheries management guidelines and policies. In addition, the project is supporting the legal designation of the Cayman Crown FSA site as a permanent no-take zone by 2025.*new_line*This project is funded by the Belize Fund for a Sustainable Future.",,"[""Climate Mitigation"",""Climate Adaptation"",""Disaster Risk Reduction"",""Economic & Social Development"",""Biodiversity Degradation & Loss""]","Coral reefs, mangrove forests, lagoons","Fisheries productivity, food and income sources for coastal communities.","By protecting fish spawning aggregation sites and strengthening sustainable fisheries management, climate-related risks associated with rising sea surface temperatures and ocean acidification, such as shifts or declines in marine species populations, are mitigated. These measures help stabilize fish stocks under climate stress and reduce long-term risks to food security and livelihoods for fishing-dependent communities.","The project addresses biodiversity risks such as declining fish stocks caused by overfishing and exacerbated by climate change. By protecting critical spawning habitats, strengthening seasonal closures, and supporting recovery of commercial species, it enhances population replenishment, maintains genetic diversity, and supports the resilience of reef fisheries.","https://tidebelize.org/,https://belizefund.bz/projects/protection-and-conservation-of-commercial-species-and-fish-spawning-aggregation-sites-in-sapodilla-cayes-marine-reserve/ ",,,,,"Riversdale, Hopkins, Placencia","Monkey River, Punta Negra"
Enhancing reef health through a Ridge to Reef Program for improved watershed management and enhanced water quality monitoring in Belize,Ongoing,2024,2025,,,"Coastal Zone Management Authority and Institute (CZMAI), Department of the Environment (DOE),Belize Forest Department (FD), the National Hydrological Service,Belize Fisheries Department",Indicated communities,"This project applies a ridge-to-reef approach that strengthens information generation to reduce land-based pressures on coral reefs and improve watershed resilience. It focuses on filling critical data gaps needed to guide adaptive management and NbS design and implementation.*new_line*The project validates restoration opportunities and generates applied information on saline intrusion and sediment transport to guide targeted watershed management actions that protect freshwater supplies and reduce downstream stress on reefs.*new_line*The project also expands national riverine, coastal, and marine water quality monitoring to better understand nutrients, pollutants, and climate-related stressors affecting reef health. This improved information base supports coordinated, science-driven NbS implementation.",,"[""Climate Mitigation"",""Climate Adaptation"",""Disaster Risk Reduction"",""Economic & Social Development"",""Water Security"",""Biodiversity Degradation & Loss""]","Riparian forests, freshwater riverine ecosystems, marine ecosystems","Flood and erosion control, water filtration, carbon sequestration, climate regulation, and nutrient cycling.","By improving monitoring and guiding ridge-to-reef management actions, the project addresses risks of flooding, soil erosion, and saline intrusion. Reduced sediment and nutrient runoff also supports coral reef resilience to warming waters and storm impacts.","The project addresses biodiversity risks such as habitat degradation, pollution, and disruption of ecological connectivity across freshwater and marine ecosystems. By strengthening understanding of stressors and informing targeted management actions, it supports the recovery of riverine and reef habitats.","https://www.coastalzonebelize.org/ridge-to-reef-project/,Correspondence with Tara Scarborough, CZMAI",,,"Belize River, Sibun River",,"Pomona, Steadfast, Alta Visa, Hummingbird, Placencia, Dangriga, Hopkins, Seine Bight, Riversdale,Sittee River ",Monkey River
Building community resilience via transformative adaptation,Ongoing,2023,2028,,,Protected Areas Conservation Trust (PACT),Communities living in and around the Mopan and Macal rivers and select protected areas in Belize. ,"The core NbS intervention of this project is the restoration of priority watersheds across Belize. This includes developing restoration strategies and carrying out pilot activities in riparian and catchment areas. These actions aim to improve freshwater quality and restore natural ecosystem functions that buffer communities against climate change impacts.*new_line*Complementary measures include climate-smart food systems and nature-based enterprises, that provide alternative livelihoods while reducing pressure on natural resources, and community-based disaster risk management that incorporates flood mitigation solutions. In addition, the project strengthens local capacities to access climate finance, promoting the long-term scaling and sustainability of the NbS.*new_line*This is a USD 5 million project financed by the Adaptation Fund.",,"[""Climate Adaptation"",""Disaster Risk Reduction"",""Economic & Social Development"",""Food Security"",""Water Security"",""Biodiversity Degradation & Loss""]","Forests, Freshwater ecosystems",Water supply and food and income source for target communities.,"By restoring riparian and catchment areas, the project addresses key climate risks associated with droughts and floods. These include reduced water availability and quality, infrastructural damage, and economic losses in the agriculture sector. ","Forest ecosystems supporting the provision and regulation of freshwater in the selected watersheds are highly susceptible to wildfires, overexploitation, and degradation.  Through restoration and community management, the project contributes to reducing these threats and prevents further biodiversity loss and habitat degradation.","https://www.pactbelize.org/building-community-resilience-via-transformative-adaptation/,https://www.adaptation-fund.org/project/building-community-resilience-via-transformative-adaptation-enhance-direct-access/  ",Sarteneja,,"Hattieville, Crooked Tree village","Mopan River, Macal River",,
"Securing 96,000 hectares of the Selva Maya’s tropical forest for protection and conservation",Completed,2021,2021,,,"Belize Maya Forest Trust (BMFT),Partners from the Bobolink Foundation,Cornell Lab of Ornithology, Cleary Gottlieb Steen & Hamilton LLP, Corozal Sustainable Future Initiative, International Tropical Conservation Fund, Gallon Jug Estate, Global Wildlife Conservation, Mass Audubon, Programme for Belize, Symphasis Foundation, The Nature Conservancy, The Rainforest Trust, University of Belize Environmental Research Institute, Wildlife Conservation Society, World Land Trust,Wyss Foundation",Local communities in and around the protected area,"A total of 96,000 hectares of the Selva Maya’s tropical forest in northwestern Belize were secured by the BMFT and its partners for permanent protection. This area, representing nearly one-tenth of total land in Belize, contains some of the most biodiverse forests in the world. The BMFT now manages the area sustainably and has assumed responsibility for the Carbon Verra Standard project— a climate mitigation project started by the previous landowners. The protection of these ecosystems provides multiple co-benefits for adaptation and biodiversity, including erosion and flood control, and the conservation of critical habitats for key species.",,"[""Climate Mitigation"",""Climate Adaptation"",""Water Security"",""Biodiversity Degradation & Loss""]","Forests, Freshwater ecosystems","Pollination, decomposition, water filtration, erosion and flood control, carbon sequestration, and climate regulation.","By protecting a significant area of tropical forest, the local climate can regulate itself more effectively and risks of drought, heat stress, and wildfires are reduced. The conserved forest cover also enhances water retention and prevents erosion and flooding. These functions safeguard water sources and agricultural productivity for surrounding communities.","By securing a large and connected forest landscape, the project mitigates biodiversity risks such as habitat fragmentation and degradation driven by land conversion, development, and climate change. ",https://www.nature.org/en-us/what-we-do/our-insights/perspectives/protecting-belize-maya-forest-biodiversity-climate/,"San Felipe, Blue Creek, Sylvester",,,"Los Tambos, La Gracia, Yalbac, Buena Vista, Spanish Lookout, Valley of Peace",,
Empowering women and youth participation in a sustainable seaweed mariculture industry,Completed,2023,2023,,,Turneffe Atoll Sustainability Association (TASA),"Women, youth fishers and marine tour guides, and the surrounding community.","The project aimed to strengthen the participation of women and youth in sustainable seaweed mariculture as an NbS for livelihood diversification and ecosystem protection. Capacity building sessions were delivered to members of the Belize Women’s Seaweed Farmers Association to improve farm operations and enhance long-term climate resilience. The project also supported the expansion of seaweed farms as an alternative livelihood strategy. Youth fishers and marine tour guides were engaged to strengthen sustainable marine resource management practices.*new_line*By promoting seaweed farming, the project reduced pressure on capture fisheries, supporting the recovery of populations and contributing indirectly to improved coral reef health. ",,"[""Climate Adaptation"",""Economic & Social Development"",""Food Security"",""Biodiversity Degradation & Loss""]",Marine ecosystems ,Food and income source for communities and habitat for marine species.,"By strengthening climate-resilient seaweed mariculture systems and diversifying coastal livelihoods, the project addressed climate risks associated with rising sea surface temperatures that threaten seaweed productivity and increase economic losses for marine-dependent communities. ","The project addressed the risk of declining marine species due to overfishing and climate stress. The expansion of seaweed farms provides structured habitat for juvenile fish and invertebrates and helps reduce fishing pressure, supporting the recovery of marine biodiversity and ecosystem functioning.",https://sgp.undp.org/spacial-itemid-projects-landing-page/spacial-itemid-project-search-results/spacial-itemid-project-detailpage.html?view=projectdetail&id=29728,,,,,Placencia,
